url_path,views_total,views_unique
/varabyte/kotter,79,51
/varabyte/kotter/tree/main/examples,10,3
/varabyte/kotter/blob/main/examples/input/src/main/kotlin/main.kt,8,5
/varabyte/kotter/blob/main/kotter/build.gradle.kts,6,1
/varabyte/kotter/tree/main/examples/life,4,3
/varabyte/kotter/tree/main/examples/wordle,3,3
/varabyte/kotter/blob/3ce3a096a0eedbaecd656e4a452cf07d362b8fc0/kotter/build.gradle.kts,3,2
/varabyte/kotter/tree/main/examples/input,3,1
/varabyte/kotter/blob/main/examples/mosaic/robot/src/main/kotlin/main.kt,2,2
/varabyte/kotter/releases,2,2
